GROUP,PACKAGE,CLASS,INSTRUCTION_MISSED,INSTRUCTION_COVERED,BRANCH_MISSED,BRANCH_COVERED,LINE_MISSED,LINE_COVERED,COMPLEXITY_MISSED,COMPLEXITY_COVERED,METHOD_MISSED,METHOD_COVERED
backend,com.erp.inventory.service.impl,EstoqueProdutoMovimentacaoServiceImpl,0,91,1,7,0,20,1,7,0,4
backend,com.erp.inventory.service.impl,EstoqueMovimentacaoServiceImpl,1,82,2,6,0,21,2,5,0,3
backend,com.erp.inventory.service.impl,MaterialServiceImpl,6,159,1,3,0,47,2,6,1,5
backend,com.erp.inventory.domain,Material,11,135,0,0,5,46,3,37,3,37
backend,com.erp.inventory.domain,EstoqueMovimentacao,33,26,2,0,13,11,10,7,9,7
backend,com.erp.inventory.domain,EstoqueProdutoMovimentacao,27,32,2,0,11,13,8,9,7,9
backend,com.erp.inventory.domain,TipoMovimentacao,0,15,0,0,0,3,0,1,0,1
backend,com.erp.catalog.dto,ProdutoSkuResponse,0,21,0,0,0,1,0,1,0,1
backend,com.erp.catalog.dto,ProdutoSkuRequest,0,15,0,0,0,1,0,1,0,1
backend,com.erp.catalog.dto,ProdutoBaseResponse,0,57,0,0,0,1,0,1,0,1
backend,com.erp.catalog.dto,ProdutoBaseRequest,0,51,0,0,0,1,0,1,0,1
backend,com.erp.core.security,UsuarioEmpresa,10,14,0,0,4,6,3,4,3,4
backend,com.erp.core.security,UserDetailsServiceImpl,0,26,0,0,0,6,0,3,0,3
backend,com.erp.core.security,UserDetailsImpl,11,37,0,0,4,11,4,8,4,8
backend,com.erp.core.security,Usuario,0,124,0,0,0,36,0,33,0,33
backend,com.erp.core.security,SecurityConfig,114,0,0,0,28,0,9,0,9,0
backend,com.erp.core.security,UsuarioEmpresa.UsuarioEmpresaId,73,0,10,0,16,0,13,0,8,0
backend,com.erp.core.security,JwtAuthenticationFilter,6,139,8,16,2,37,8,7,0,3
backend,com.erp.core.security,JwtService,18,144,2,4,2,32,4,14,2,13
backend,com.erp.core.security,AuthService,75,269,21,17,19,67,18,7,0,6
backend,com.erp.production.dto,FichaTecnicaOperacaoRequest,0,24,0,0,0,1,0,1,0,1
backend,com.erp.production.dto,FichaTecnicaResponse,0,30,0,0,0,1,0,1,0,1
backend,com.erp.production.dto,FichaTecnicaOperacaoResponse,0,30,0,0,0,1,0,1,0,1
backend,com.erp.production.dto,OrdemProducaoItemRequest,0,9,0,0,0,1,0,1,0,1
backend,com.erp.production.dto,CupomResponse,0,27,0,0,0,1,0,1,0,1
backend,com.erp.production.dto,TabelaTempoPadraoResponse,0,18,0,0,0,1,0,1,0,1
backend,com.erp.production.dto,TabelaTempoPadraoRequest,0,15,0,0,0,1,0,1,0,1
backend,com.erp.production.dto,FichaTecnicaMaterialRequest,0,9,0,0,0,1,0,1,0,1
backend,com.erp.production.dto,FichaTecnicaRequest,0,15,0,0,0,1,0,1,0,1
backend,com.erp.production.dto,ProdutividadeResponse,0,27,0,0,0,1,0,1,0,1
backend,com.erp.production.dto,OrdemProducaoResponse,0,36,0,0,0,1,0,1,0,1
backend,com.erp.production.dto,FichaTecnicaMaterialResponse,0,18,0,0,0,1,0,1,0,1
backend,com.erp.production.dto,OrdemProducaoRequest,0,15,0,0,0,1,0,1,0,1
backend,com.erp.production.dto,OcorrenciaRequest,0,12,0,0,0,1,0,1,0,1
backend,com.erp.production.dto,ApontamentoRequest,0,9,0,0,0,1,0,1,0,1
backend,com.erp.production.dto,OrdemProducaoItemResponse,0,21,0,0,0,1,0,1,0,1
backend,com.erp.core.security.dto,UsuarioDTO,45,70,0,0,15,18,15,18,15,18
backend,com.erp.core.security.dto,AuthRequest,0,24,0,0,0,7,0,7,0,7
backend,com.erp.core.security.dto,EmpresaSimpleDTO,26,0,0,0,9,0,6,0,6,0
backend,com.erp.core.security.dto,UsuarioCreateDTO,36,58,0,0,9,18,9,18,9,18
backend,com.erp.core.security.dto,AuthResponse,21,42,0,0,7,15,7,4,7,4
backend,com.erp.core.dto,UnidadeMedidaResponse,0,24,0,0,0,1,0,1,0,1
backend,com.erp.core.dto,ClienteRequest,0,36,0,0,0,1,0,1,0,1
backend,com.erp.core.dto,FornecedorRequest,0,39,0,0,0,1,0,1,0,1
backend,com.erp.core.dto,FornecedorResponse,0,42,0,0,0,1,0,1,0,1
backend,com.erp.core.dto,ClienteResponse,0,39,0,0,0,1,0,1,0,1
backend,com.erp.core.dto,CategoriaResponse,0,24,0,0,0,1,0,1,0,1
backend,com.erp.core.dto,UnidadeMedidaRequest,0,21,0,0,0,1,0,1,0,1
backend,com.erp.core.dto,CategoriaRequest,0,21,0,0,0,1,0,1,0,1
backend,com.erp.core.dto,DashboardResumoDTO,19,27,0,0,5,10,5,5,5,5
backend,com.erp.core.config,EmpresaFilterAspect,0,27,1,3,0,8,1,3,0,2
backend,com.erp.core.config,WebConfig,59,0,0,0,7,0,2,0,2,0
backend,com.erp.core.config,GlobalExceptionHandler,69,0,0,0,13,0,3,0,3,0
backend,com.erp.catalog.controller,ProdutoController,0,48,0,0,0,13,0,6,0,6
backend,com.erp.catalog.controller,CorController,0,68,0,2,0,15,0,7,0,6
backend,com.erp.catalog.controller,TamanhoController,0,68,0,2,0,15,0,7,0,6
backend,com.erp,ErpApplication,8,0,0,0,3,0,2,0,2,0
backend,com.erp.core.tenant.dto,UpdateModulesRequestDTO,6,10,0,0,3,3,1,3,1,3
backend,com.erp.core.tenant.dto,TenantProvisionRequest,80,98,0,0,20,31,20,31,20,31
backend,com.erp.core.tenant.dto,AdminDashboardMetricsDTO,23,33,0,0,6,12,6,6,6,6
backend,com.erp.core.tenant.dto,TenantModuleDTO,11,15,0,0,3,6,3,3,3,3
backend,com.erp.core.tenant.dto,TenantResponse,78,107,0,0,26,28,26,1,26,1
backend,com.erp.core.tenant.dto,TenantUpdateRequest,80,70,0,0,20,23,20,23,20,23
backend,com.erp.production.controller,BipagemController,0,28,0,0,0,8,0,4,0,4
backend,com.erp.production.controller,OrdemProducaoController,29,31,0,0,6,8,3,5,3,5
backend,com.erp.production.controller,FichaTecnicaController,0,69,0,0,0,17,0,8,0,8
backend,com.erp.production.controller,CupomController,0,12,0,0,0,4,0,2,0,2
backend,com.erp.production.controller,TabelaTempoPadraoController,0,34,0,0,0,8,0,5,0,5
backend,com.erp.core.tenant.controller,AdminTenantModuleController,4,154,2,6,1,30,2,9,0,7
backend,com.erp.core.tenant.controller,AdminDashboardController,0,52,0,0,0,10,0,2,0,2
backend,com.erp.core.tenant.controller,AdminTenantController,107,151,27,25,6,44,26,5,0,5
backend,com.erp.catalog.domain,ProdutoSku,14,60,0,0,6,25,4,16,4,16
backend,com.erp.catalog.domain,Cor,18,35,0,0,6,11,5,9,5,9
backend,com.erp.catalog.domain,Tamanho,18,35,0,0,6,11,5,9,5,9
backend,com.erp.catalog.domain,ProdutoBase,20,158,0,2,8,54,4,41,4,40
backend,com.erp.catalog.service.impl,ProdutoServiceImpl,153,310,6,8,25,87,14,8,8,7
backend,com.erp.core.controller,EmpresaController,0,91,0,0,0,23,0,8,0,8
backend,com.erp.core.controller,FornecedorController,0,40,0,0,0,9,0,6,0,6
backend,com.erp.core.controller,AuthController,0,12,0,0,0,4,0,2,0,2
backend,com.erp.core.controller,ClienteController,0,40,0,0,0,9,0,6,0,6
backend,com.erp.core.controller,FuncionarioController,0,73,0,2,0,17,0,7,0,6
backend,com.erp.core.controller,UnidadeMedidaController,0,40,0,0,0,9,0,6,0,6
backend,com.erp.core.controller,CategoriaController,0,40,0,0,0,9,0,6,0,6
backend,com.erp.core.controller,UsuarioController,25,380,10,12,2,90,10,11,1,9
backend,com.erp.core.controller,DashboardController,0,11,0,0,0,4,0,2,0,2
backend,com.erp.production.domain,Cupom.Status,0,15,0,0,0,2,0,1,0,1
backend,com.erp.production.domain,Pacote,10,35,0,0,3,10,3,10,3,10
backend,com.erp.production.domain,Ocorrencia,27,25,2,0,9,7,8,7,7,7
backend,com.erp.production.domain,OrdemProducaoStatus,0,33,0,0,0,6,0,1,0,1
backend,com.erp.production.domain,FichaTecnica,11,110,0,0,5,39,3,20,3,20
backend,com.erp.production.domain,GrauDificuldade,0,33,0,0,0,6,0,1,0,1
backend,com.erp.production.domain,FichaTecnicaMaterial,3,35,0,0,1,14,1,10,1,10
backend,com.erp.production.domain,Cupom,0,55,0,0,0,16,0,15,0,15
backend,com.erp.production.domain,OrdemProducaoItem,7,31,0,0,2,9,2,9,2,9
backend,com.erp.production.domain,FaixaComprimentoCostura,0,21,0,0,0,4,0,1,0,1
backend,com.erp.production.domain,FichaTecnicaOperacao,0,80,0,0,0,23,0,23,0,23
backend,com.erp.production.domain,TabelaTempoPadrao,0,45,0,0,0,13,0,13,0,13
backend,com.erp.production.domain,Apontamento,24,21,2,0,8,6,7,6,6,6
backend,com.erp.production.domain,OrdemProducao,30,79,4,0,10,23,6,20,4,20
backend,com.erp.core,HomeController,0,5,0,0,0,2,0,2,0,2
backend,com.erp.inventory.dto,MaterialResponse,0,54,0,0,0,1,0,1,0,1
backend,com.erp.inventory.dto,ProdutoMovimentacaoRequest,0,24,0,0,0,10,0,7,0,7
backend,com.erp.inventory.dto,MaterialRequest,0,48,0,0,0,1,0,1,0,1
backend,com.erp.core.domain,Cliente,7,103,0,0,2,30,2,27,2,27
backend,com.erp.core.domain,UnidadeMedida,7,34,0,0,2,10,2,9,2,9
backend,com.erp.core.domain,Fornecedor,7,110,0,0,2,32,2,29,2,29
backend,com.erp.core.domain,Categoria,7,34,0,0,2,10,2,9,2,9
backend,com.erp.core.domain,Funcionario,0,56,0,0,0,17,0,15,0,15
backend,com.erp.core.domain,Empresa,3,39,0,0,1,17,1,10,1,10
backend,com.erp.core.service.impl,FornecedorServiceImpl,5,192,0,0,0,49,1,8,1,8
backend,com.erp.core.service.impl,UnidadeMedidaServiceImpl,5,96,0,0,0,19,1,8,1,8
backend,com.erp.core.service.impl,ClienteServiceImpl,5,182,0,0,0,46,1,8,1,8
backend,com.erp.core.service.impl,CategoriaServiceImpl,5,96,0,0,0,19,1,8,1,8
backend,com.erp.production.service.impl,FichaTecnicaServiceImpl,101,524,13,21,8,126,25,15,12,11
backend,com.erp.production.service.impl,TabelaTempoPadraoServiceImpl,5,134,0,4,0,38,1,10,1,8
backend,com.erp.production.service.impl,PcpServiceImpl,22,194,1,3,0,46,5,6,4,5
backend,com.erp.production.service.impl,CupomServiceImpl,0,43,0,0,0,15,0,3,0,3
backend,com.erp.production.service.impl,OrdemProducaoServiceImpl,286,595,42,38,50,143,40,21,10,11
backend,com.erp.core.tenant,TenantRoutingDataSource,146,0,18,0,36,0,15,0,6,0
backend,com.erp.core.tenant,TenantModule,20,42,0,0,6,13,6,6,6,6
backend,com.erp.core.tenant,EmpresaContext,3,23,0,2,1,6,1,5,1,4
backend,com.erp.core.tenant,TenantDataSourceConfiguration,73,0,0,0,20,0,4,0,4,0
backend,com.erp.core.tenant,Tenant,3,189,0,0,1,81,1,54,1,54
backend,com.erp.core.tenant,TenantInterceptor,35,35,9,7,5,14,6,5,0,3
backend,com.erp.core.tenant,TenantProvisioningService,118,259,6,4,28,75,6,10,1,10
backend,com.erp.core.tenant,TenantContext,3,21,0,2,1,6,1,5,1,4
backend,com.erp.core.service,DashboardService,0,57,0,0,0,13,0,3,0,3
backend,com.erp.inventory.controller,MaterialController,0,32,0,0,0,9,0,4,0,4
backend,com.erp.inventory.controller,EstoqueProdutoController,0,28,0,0,0,9,0,3,0,3
backend,com.erp.core.db,FlywayConfiguration,117,0,10,0,33,0,8,0,3,0
